procs,run,time
1,1,0.144250
1,2,0.144173
1,3,0.144157
1,4,0.144643
1,5,0.144549
1,6,0.144281
1,7,0.144455
1,8,0.144106
1,9,0.144374
1,10,0.144408
2,1,0.093321
2,2,0.093322
2,3,0.093497
2,4,0.093666
2,5,0.093326
2,6,0.093215
2,7,0.093176
2,8,0.093233
2,9,0.093314
2,10,0.093224
4,1,0.143400
4,2,0.093264
4,3,0.116822
4,4,0.163040
4,5,0.156672
4,6,0.140989
4,7,0.153103
4,8,0.144254
4,9,0.117063
4,10,0.144028
8,1,0.093663
8,2,0.165104
8,3,0.126679
8,4,0.064323
8,5,0.093781
8,6,0.069072
8,7,0.094334
8,8,0.171473
8,9,0.113800
8,10,0.075893
